{
  "model": "Qwen/Qwen2.5-3B-Instruct",
  "training": "LoRA SFT (real weight updates)",
  "rounds": 4,
  "episodes_per_round": 6,
  "before": {
    "monthly_engage": 0.5642,
    "monthly_strategic": 0.5903,
    "monthly_competitive": 0.8313
  },
  "after": {
    "monthly_engage": 0.1071,
    "monthly_strategic": 0.3174,
    "monthly_competitive": 0.5233
  },
  "smart_heuristic": {
    "monthly_engage": 0.7352,
    "monthly_strategic": 0.9043,
    "monthly_competitive": 0.9066
  },
  "improvement": {
    "monthly_engage": -0.45710000000000006,
    "monthly_strategic": -0.27290000000000003,
    "monthly_competitive": -0.30800000000000005
  },
  "training_log": {
    "round": [
      1,
      2,
      3,
      4
    ],
    "avg_episode_reward": [
      3.154,
      2.855,
      2.969,
      3.294
    ],
    "max_episode_reward": [
      4.348,
      3.71,
      4.14,
      4.527
    ],
    "min_episode_reward": [
      2.316,
      2.249,
      2.25,
      2.32
    ],
    "avg_grader": [
      0.3017,
      0.2058,
      0.2041,
      0.2793
    ],
    "max_grader": [
      0.647,
      0.5125,
      0.4656,
      0.5243
    ],
    "n_training_samples": [
      38,
      37,
      45,
      45
    ],
    "train_loss": [
      2.6893,
      2.554,
      2.0757,
      1.9805
    ]
  }
}